"","from","to"
"1",1,2
"2",1,3
"3",1,4
"4",1,5
"5",1,6
"6",1,7
"7",1,8
"8",1,9
"9",2,8
"10",2,1
"11",2,7
"12",2,10
"13",2,11
"14",2,12
"15",2,13
"16",2,14
"17",2,15
"18",2,16
"19",2,17
"20",2,18
"21",2,19
"22",10,2
"23",10,1
"24",10,9
"25",8,4
"26",8,5
"27",8,2
"28",12,2
"29",12,7
"30",12,11
"31",11,20
"32",11,7
"33",15,20
"34",15,7
"35",15,10
"36",15,2
"37",21,4
"38",21,5
"39",21,22
"40",21,23
"41",21,24
"42",21,25
"43",21,26
"44",21,27
"45",21,28
"46",21,29
"47",21,30
"48",21,31
"49",21,32
"50",21,33
"51",21,34
"52",21,35
"53",21,36
"54",7,5
"55",7,1
"56",7,2
"57",7,20
"58",7,11
"59",7,17
"60",7,13
"61",7,15
"62",4,5
"63",4,21
"64",4,1
"65",26,25
"66",26,4
"67",26,5
"68",26,20
"69",26,34
"70",26,37
"71",26,38
"72",26,21
"73",26,1
"74",39,1
"75",39,26
"76",37,5
"77",37,28
"78",37,21
"79",37,20
"80",36,25
"81",38,34
"82",38,5
"83",38,4
"84",38,8
"85",38,20
"86",34,5
"87",34,4
"88",34,8
